select * from user_tables;
INSERT INTO Customer (CustNo,CustFirstName,CustLastName,CustCity,CustState,CustZip,CustBal) VALUES ('C0954327','Sheri','Gordon','Littleton','CO',801295543,230); 
INSERT INTO Customer (CustNo,CustFirstName,CustLastName,CustCity,CustState,CustZip,CustBal) VALUES ('C1010398','Jim','Glussman','Denver','CO',801110033,200); 
INSERT INTO Customer (CustNo,CustFirstName,CustLastName,CustCity,CustState,CustZip,CustBal) VALUES ('C2388597','Beth','Taylor','Seattle','WA',981031121,500); 
INSERT INTO Customer (CustNo,CustFirstName,CustLastName,CustCity,CustState,CustZip,CustBal) VALUES ('C3340950','Betty','Wise','Seattle','WA',981783311,200); 
INSERT INTO Customer (CustNo,CustFirstName,CustLastName,CustCity,CustState,CustZip,CustBal) VALUES ('C3499503','Bob','Mann','Monroe','WA',980131095,0); 
INSERT INTO Customer (CustNo,CustFirstName,CustLastName,CustCity,CustState,CustZip,CustBal) VALUES ('C8543321','Ron','Thompson','Renton','WA',986661289,85); 
INSERT INTO Employee (EmpNo,EmpFirstName,EmpLastName,EmpPhone,EmpEmail) VALUES ('E1329594','Landi','Santos','(303) 789-1234','lsantosbigco.com'); 
INSERT INTO Employee (EmpNo,EmpFirstName,EmpLastName,EmpPhone,EmpEmail) VALUES ('E8544399','Joe','Jenkins','(303) 221-9875','jjenkins@bigco.com'); 
INSERT INTO Employee (EmpNo,EmpFirstName,EmpLastName,EmpPhone,EmpEmail) VALUES ('E8843211','Amy','Tang','(303) 556-4321','atang@bigco.com'); 
INSERT INTO Employee (EmpNo,EmpFirstName,EmpLastName,EmpPhone,EmpEmail) VALUES ('E9345771','Colin','White','(303) 221-4453','cwhite@bigco.com'); 
INSERT INTO Employee (EmpNo,EmpFirstName,EmpLastName,EmpPhone,EmpEmail) VALUES ('E9884325','Thomas','Johnson','(303) 556-9987','tjohnson@bigco.com');
INSERT INTO Employee (EmpNo,EmpFirstName,EmpLastName,EmpPhone,EmpEmail) VALUES ('E9954302','Mary','Hill','(303) 556-9871','mhill@bigco.com');
INSERT INTO Employee (EmpNo) VALUES ('null');
INSERT INTO OrderTbl (OrdNo,OrdDate,CUSTOMER_CustNo,EMPLOYEE_EmpNo) VALUES ('O1116324',(TO_DATE('01/23/2013','MM/DD/YY')),'C0954327','E8544399');
INSERT INTO OrderTbl (OrdNo,OrdDate,CUSTOMER_CustNo,EMPLOYEE_EmpNo) VALUES ('O2334661',(TO_DATE('01/14/2013','MM/DD/YY')),'C0954327','E1329594');
INSERT INTO OrderTbl (OrdNo,OrdDate,CUSTOMER_CustNo,EMPLOYEE_EmpNo) VALUES ('O3331222',(TO_DATE('01/13/2013','MM/DD/YY')),'C1010398','null');
INSERT INTO OrderTbl (OrdNo,OrdDate,CUSTOMER_CustNo,EMPLOYEE_EmpNo) VALUES ('O2233457',(TO_DATE('01/12/2013','MM/DD/YY')),'C2388597','E9884325');
INSERT INTO OrderTbl (OrdNo,OrdDate,CUSTOMER_CustNo,EMPLOYEE_EmpNo) VALUES ('O4714645',(TO_DATE('01/11/2013','MM/DD/YY')),'C2388597','E1329594');
INSERT INTO OrderTbl (OrdNo,OrdDate,CUSTOMER_CustNo,EMPLOYEE_EmpNo) VALUES ('O5511365',(TO_DATE('01/22/2013','MM/DD/YY')),'C3340959','E9884325');
INSERT INTO OrderTbl (OrdNo,OrdDate,CUSTOMER_CustNo,EMPLOYEE_EmpNo) VALUES ('O7989497',(TO_DATE('01/16/2013','MM/DD/YY')),'C3499503','E9345771');
INSERT INTO OrderTbl (OrdNo,OrdDate,CUSTOMER_CustNo,EMPLOYEE_EmpNo) VALUES ('O1656777',(TO_DATE('02/11/2013','MM/DD/YY')),'C8543321','null');
INSERT INTO OrderTbl (OrdNo,OrdDate,CUSTOMER_CustNo,EMPLOYEE_EmpNo) VALUES ('O7959898',(TO_DATE('02/19/2013','MM/DD/YY')),'C8543321','E8544399');